{
  "effects": {
    "foliage_color": 6553600,
    "sky_color": 6553600,
    "grass_color": 6553600,
    "grass_color_modifier": "none",
    "mood_sound": {
      "sound": "minecraft:entity.ravager.celebrate",
      "tick_delay": 300,
      "block_search_extent": 8,
      "offset": 2.0
    },
    "music":
    {
      "sound": "victordepths:arena",
      "min_delay": 2000,
      "max_delay": 3000,
      "replace_current_music": true
    },
    "fog_color": 6553600,
    "water_color": 6553600,
    "water_fog_color": 6553600
  },
  "carvers": {
    "air": [
      "minecraft:cave",
      "minecraft:cave_extra_underground",
      "minecraft:canyon"
    ]
  },
  "features": [
    [],
    [],
    [],
    [],
    [],
    [],
    [
    ],
    [],
    [
    ],
    [
    ]
  ],
  "spawners": {
    "monster": [
      {
        "type": "minecraft:ravager",
        "weight": 15,
        "minCount": 1,
        "maxCount": 1
      },
      {
        "type": "minecraft:vindicator",
        "weight": 15,
        "minCount": 1,
        "maxCount": 1
      },
      {
        "type": "minecraft:evoker",
        "weight": 15,
        "minCount": 1,
        "maxCount": 1
      },
      {
        "type": "minecraft:witch",
        "weight": 15,
        "minCount": 1,
        "maxCount": 1
      },
      {
        "type": "minecraft:pillager",
        "weight": 15,
        "minCount": 1,
        "maxCount": 1
      }
    ],
    "creature": [
    ],
    "ambient": [
      
    ],
    "axolotls": [],
    "underground_water_creature": [
    ],
    "water_creature": [],
    "water_ambient": [],
    "misc": []
  },
  "spawn_costs": {},
  "precipitation": "none",
  "temperature": 0.0,
  "downfall": 2.0,
  "category": "none"
}