[
  {
    "function": "set_nbt",
    "tag": "{AttributeModifiers:[]}",
    "conditions": [
      {
        "condition": "entity_properties",
        "entity": "this",
        "predicate": {
          "equipment": {
            "legs": {
              "nbt": "{nbt:\"fusion\"}"
            }
          }
        }
      }
    ]
  },
  {
    "function": "set_attributes",
    "modifiers": [
      {
        "name":"generic.armor",
        "attribute":"generic.armor",
        "operation":"addition",
        "amount":7.0,
        "slot":"legs"
      },
      {
        "name":"generic.armor_toughness",
        "attribute":"generic.armor_toughness",
        "operation":"addition",
        "amount":5.0,
        "slot":"legs"
      },
      {
        "name":"generic.knockback_resistance",
        "attribute":"generic.knockback_resistance",
        "operation":"addition",
        "amount":0.2,
        "slot":"legs"
      }
    ],
    "conditions": [
      {
        "condition": "entity_properties",
        "entity": "this",
        "predicate": {
          "equipment": {
            "legs": {
              "items": [
                "minecraft:leather_leggings"
              ]
            },
            "nbt": "{nbt:\"fusion\"}"
          }
        }
      }
    ]
  }
]