{
  "type": "minecraft:block",
  "pools": [
    {
      "rolls": 1,
      "entries": [
        {
          "type": "minecraft:item",
          "weight": 1,
          "functions": [
            {
              "function": "minecraft:set_count",
              "count": {
                "min": 1,
                "max": 1,
                "type": "minecraft:uniform"
              }
            }
          ],
          "name": "minecraft:emerald_ore",
          "conditions": [
            {
              "condition": "minecraft:reference",
              "name": "victordepths:irongrade_pickaxe"
            },
            {
              "condition": "minecraft:reference",
              "name": "victordepths:silk_touch"
            }
          ]
        },
        {
          "type": "minecraft:item",
          "weight": 1,
          "functions": [
            {
              "function": "minecraft:set_count",
              "count": {
                "min": 1,
                "max": 1,
                "type": "minecraft:uniform"
              }
            },
            {
              "function": "minecraft:apply_bonus",
              "enchantment": "minecraft:fortune",
              "formula": "ore_drops"
            },
            {
              "function": "set_nbt",
              "tag": "{nbt:\"forbodine\", Enchantments: [{}], display: {Name: '{\"text\":\"Forbodine\", \"italic\":\"false\"}'}}",
              "conditions": [
                {
                  "condition": "minecraft:reference",
                  "name": "victordepths:player_in_forebodium"
                }
              ]
            }
          ],
          "name": "minecraft:emerald",
          "conditions": [
            {
              "condition": "minecraft:reference",
              "name": "victordepths:irongrade_pickaxe"
            },
            {
              "condition": "minecraft:inverted",
              "term": {
                "condition":"minecraft:reference",
                "name":"victordepths:silk_touch"
              }
            }
          ]
        }
      ]
    }
  ]
}