{
  "config": {
    "to_place": {
      "entries": [
        {
          "data": {
            "Properties":{
              "age":"0"
            },
            "Name": "minecraft:sweet_berry_bush"
          },
          "weight": 1
        },
        {
          "data": {
            "Properties":{
              "age":"1"
            },
            "Name": "minecraft:sweet_berry_bush"
          },
          "weight": 4
        },
        {
          "data": {
            "Properties":{
              "age":"2"
            },
            "Name": "minecraft:sweet_berry_bush"
          },
          "weight": 1
        },
        {
          "data": {
            "Properties":{
              "age":"3"
            },
            "Name": "minecraft:sweet_berry_bush"
          },
          "weight": 1
        }
      ],
      "type": "minecraft:weighted_state_provider"
    }
  },
  "type": "minecraft:simple_block"
}