{
  "config": {
    "vegetation_chance": 0.05,
    "xz_radius": {
      "type": "minecraft:uniform",
      "value": {
        "min_inclusive": 1,
        "max_inclusive": 4
      }
    },
    "extra_edge_column_chance": 0.3,
    "extra_bottom_block_chance": 0.0,
    "vertical_range": 5,
    "vegetation_feature": {
      "feature": "victordepths:berry_vegetation",
      "placement": []
    },
    "surface": "floor",
    "depth": 1,
    "replaceable": "#victordepths:base_stone",
    "ground_state": {
      "state": {
        "Name": "minecraft:grass_block",
        "Properties": {
          "snowy":"false"
        }
      },
      "type": "minecraft:simple_state_provider"
    }
  },
  "type": "minecraft:vegetation_patch"
}