{
  "type": "victordepths:the_aweclouds",
  "generator": {
    "biome_source": {
      "biomes": [
        {
          "biome": "victordepths:awecloud_void",
          "parameters": {
            "erosion": [-1.0,0.0],
            "depth": 0.0,
            "weirdness": 0.0,
            "offset": 0.0,
            "temperature": 0.0,
            "humidity": 0.0,
            "continentalness": 0.0
          }
        },
        {
          "biome": "victordepths:awecloud_forest",
          "parameters": {
            "erosion": [0.0,0.35],
            "depth": 0.0,
            "weirdness": 0.0,
            "offset": 0.0,
            "temperature": 0.0,
            "humidity": 0.0,
            "continentalness": 0.0
          }
        },
        {
          "biome": "victordepths:awecloud_city",
          "parameters": {
            "erosion": [0.35,0.9],
            "depth": 0.0,
            "weirdness": 0.0,
            "offset": 0.0,
            "temperature": 0.0,
            "humidity": 0.0,
            "continentalness": 0.0
          }
        },
        {
          "biome": "victordepths:awecloud_peaks",
          "parameters": {
            "erosion": [0.9,1.1],
            "depth": 0.0,
            "weirdness": 0.0,
            "offset": 0.0,
            "temperature": 0.0,
            "humidity": 0.0,
            "continentalness": 0
          }
        }
      ],
      "type": "minecraft:multi_noise"
    },
    "seed": 0,
    "settings": "victordepths:the_aweclouds",
    "type": "minecraft:noise"
  }
}