{
  "type": "victordepths:the_uncharted",
  "generator": {
    "biome_source": {
      "biomes": [
        {
          "biome": "victordepths:uncharted_void",
          "parameters": {
            "erosion": [-1.0,0.0],
            "depth": 0.0,
            "weirdness": 0.0,
            "offset": 0.0,
            "temperature": [-0.2,0.0],
            "humidity": [-0.3,0.7],
            "continentalness": 0.0
          }
        },
        {
          "biome": "victordepths:uncharted_jungle",
          "parameters": {
            "erosion": [0.0,1.5],
            "depth": 0.0,
            "weirdness": 0.0,
            "offset": 0.0,
            "temperature": -0.2,
            "humidity": 0.5,
            "continentalness": 0.0
          }
        },
        {
          "biome": "victordepths:uncharted_mangrove_forest",
          "parameters": {
            "erosion": [0.0,1.5],
            "depth": 0.0,
            "weirdness": 0.0,
            "offset": 0.0,
            "temperature": 0.2,
            "humidity": 0.5,
            "continentalness": 0.0
          }
        },
        {
          "biome": "victordepths:uncharted_azalea_forest",
          "parameters": {
            "erosion": [0.0,1.5],
            "depth": 0.0,
            "weirdness": 0.0,
            "offset": 0.0,
            "temperature": 0.0,
            "humidity": 0.7,
            "continentalness": 0.0
          }
        },
        {
          "biome": "victordepths:uncharted_open",
          "parameters": {
            "erosion": [0.0,1.5],
            "depth": 0.0,
            "weirdness": 0.0,
            "offset": 0.0,
            "temperature": 0.0,
            "humidity": -0.3,
            "continentalness": 0.0
          }
        },
        {
          "biome": "victordepths:uncharted_plains",
          "parameters": {
            "erosion": [0.0,1.5],
            "depth": 0.0,
            "weirdness": 0.0,
            "offset": 0.0,
            "temperature": 0.0,
            "humidity": 0.3,
            "continentalness": 0.0
          }
        }
      ],
      "type": "minecraft:multi_noise"
    },
    "seed": 0,
    "settings": "victordepths:the_uncharted",
    "type": "minecraft:noise"
  }
}