{
  "name": "victordepths:burrow",
  "fallback": "minecraft:empty",
  "elements": [
    {
      "weight": 1,
      "element": {
        "location": "victordepths:burrow_l1",
        "processors": {
          "processors": []
        },
        "projection": "rigid",
        "element_type": "minecraft:legacy_single_pool_element"
      }
    },
    {
      "weight": 1,
      "element": {
        "location": "victordepths:burrow_l2",
        "processors": {
          "processors": []
        },
        "projection": "rigid",
        "element_type": "minecraft:legacy_single_pool_element"
      }
    },
    {
      "weight": 3,
      "element": {
        "location": "victordepths:burrow_y1",
        "processors": {
          "processors": []
        },
        "projection": "rigid",
        "element_type": "minecraft:legacy_single_pool_element"
      }
    },
    {
      "weight": 2,
      "element": {
        "location": "victordepths:burrow_r1",
        "processors": {
          "processors": []
        },
        "projection": "rigid",
        "element_type": "minecraft:legacy_single_pool_element"
      }
    },
    {
      "weight": 1,
      "element": {
        "location": "victordepths:burrow_room1",
        "processors": {
          "processors": []
        },
        "projection": "rigid",
        "element_type": "minecraft:legacy_single_pool_element"
      }
    },
    {
      "weight": 1,
      "element": {
        "location": "victordepths:burrow_room2",
        "processors": {
          "processors": []
        },
        "projection": "rigid",
        "element_type": "minecraft:legacy_single_pool_element"
      }
    },
    {
      "weight": 1,
      "element": {
        "location": "victordepths:burrow_room3",
        "processors": {
          "processors": []
        },
        "projection": "rigid",
        "element_type": "minecraft:legacy_single_pool_element"
      }
    },
    {
      "weight": 1,
      "element": {
        "location": "victordepths:burrow_room4",
        "processors": {
          "processors": []
        },
        "projection": "rigid",
        "element_type": "minecraft:legacy_single_pool_element"
      }
    }
  ]
}