{
  "name": "victordepths:red_well_maze",
  "fallback": "minecraft:empty",
  "elements": [
    {
      "weight": 2,
      "element": {
        "location": "victordepths:red_maze_q",
        "processors": {
          "processors": []
        },
        "projection": "rigid",
        "element_type": "minecraft:legacy_single_pool_element"
      }
    },
    {
      "weight": 2,
      "element": {
        "location": "victordepths:red_maze_u",
        "processors": {
          "processors": []
        },
        "projection": "rigid",
        "element_type": "minecraft:legacy_single_pool_element"
      }
    },
    {
      "weight": 3,
      "element": {
        "location": "victordepths:red_maze_y",
        "processors": {
          "processors": []
        },
        "projection": "rigid",
        "element_type": "minecraft:legacy_single_pool_element"
      }
    },
    {
      "weight": 2,
      "element": {
        "location": "victordepths:red_maze_f",
        "processors": {
          "processors": []
        },
        "projection": "rigid",
        "element_type": "minecraft:legacy_single_pool_element"
      }
    },
    {
      "weight": 1,
      "element": {
        "location": "victordepths:red_maze_rod",
        "processors": {
          "processors": []
        },
        "projection": "rigid",
        "element_type": "minecraft:legacy_single_pool_element"
      }
    }
  ]
}