{
    "condition": "minecraft:alternative",
    "terms": [

        {
            "condition": "minecraft:entity_properties",
            "entity": "this",
            "predicate": {
                "nbt": "{Dimension:\"minecraft:overworld\"}"
            }
        },
        {
            "condition": "minecraft:entity_properties",
            "entity": "this",
            "predicate": {
                "nbt": "{Dimension:\"victordepths:the_aweclouds\"}"
            }
        },
        {
            "condition": "minecraft:entity_properties",
            "entity": "this",
            "predicate": {
                "nbt": "{Dimension:\"victordepths:the_open\"}"
            }
        }
    ]
}