{
    "type": "minecraft:entity",
     "pools": [
      {
        "rolls": 1,
        "entries": [
          {
            "type": "minecraft:item",
            "weight": 1,
            "functions": [
              {
                "function": "minecraft:set_count",
                "count": {
                  "min": 1,
                  "max": 1,
                  "type": "minecraft:uniform"
                }
              },
              {
                "function": "minecraft:looting_enchant",
                "count": {
                  "min": 0,
                  "max": 2
                }
              },
              {
                "function": "set_nbt",
                "tag": "{nbt:\"underworld_bat\", display: {Name: '{\"text\":\"Underworld Bat\", \"italic\":\"false\"}'}}"
              }
            ],
            "name": "minecraft:cooked_chicken",
            "conditions": [
              {
                "condition": "minecraft:reference",
                "name": "victordepths:killer_in_underworld"
              }
            ]
          }
        ]
      }
    ]
  }