{
  "display": {
      "icon":{
          "item":"minecraft:red_glazed_terracotta",
          "nbt":"{}"
      },
      "title": "Wasteland of Champions",
      "description": "Defeat the Arena's Wither and go down into The Victordepths",
      "frame": "goal"
  },
  "criteria":
  {
    "whatever": {
      "trigger": "minecraft:changed_dimension",
      "conditions": {
        "from": "victordepths:the_arena",
        "to": "victordepths:the_arena"
      }
    }
  },
  "parent":"victordepths:the_arena"
}