{
  "type": "minecraft:jigsaw",
  "biomes": "#victordepths:has_water_castle",
  "max_distance_from_center": 90,
  "size": 6,
  "spawn_overrides": {
    "monster": {
      "bounding_box": "full",
      "spawns": [
        {
          "type": "minecraft:drowned",
          "maxCount": 4,
          "minCount": 4,
          "weight": 3
        }
      ]
    }
  },
  "start_height": {
    "absolute": 50
  },
  "start_pool": "victordepths:water_castle",
  "step": "surface_structures",
  "terrain_adaptation": "beard_box",
  "use_expansion_hack": false
}