{
  "ore_veins_enabled": false,
  "noodle_caves_enabled": false,
  "legacy_random_source": true,
  "disable_mob_generation": false,
  "aquifers_enabled": false,
  "noise_caves_enabled": false,
  "default_fluid": {
    "Name": "minecraft:packed_ice"
  },
  "surface_rule": {
    "sequence": [
      {
        "type": "minecraft:condition",
        "if_true": {
          "type": "minecraft:vertical_gradient",
          "false_at_and_above": {
            "above_bottom": 5
          },
          "random_name": "minecraft:bedrock_floor",
          "true_at_and_below": {
            "above_bottom": 0
          }
        },
        "then_run": {
          "type": "minecraft:block",
          "result_state": {
            "Name": "minecraft:bedrock"
          }
        }
      },
      {
        "type": "minecraft:condition",
        "if_true": {
          "type": "minecraft:not",
          "invert": {
            "type": "minecraft:vertical_gradient",
            "false_at_and_above": {
              "below_top": 0
            },
            "random_name": "minecraft:bedrock_roof",
            "true_at_and_below": {
              "below_top": 5
            }
          }
        },
        "then_run": {
          "type": "minecraft:block",
          "result_state": {
            "Name": "minecraft:bedrock"
          }
        }
      },
      {
        "if_true": {
          "offset": 0,
          "add_surface_depth": true,
          "secondary_depth_range": 0,
          "surface_type": "floor",
          "type": "minecraft:stone_depth"
        },
        "then_run": {
          "if_true": {
            "biome_is": [
              "victordepths:underworld_creeper_forest"
            ],
            "type": "minecraft:biome"
          },
          "then_run": {
            "result_state": {
              "Name": "minecraft:moss_block"
            },
            "type": "minecraft:block"
          },
          "type": "minecraft:condition"
        },
        "type":"minecraft:condition"
      },
      {
        "if_true": {
          "offset": 0,
          "add_surface_depth": true,
          "secondary_depth_range": 0,
          "surface_type": "floor",
          "type": "minecraft:stone_depth"
        },
        "then_run": {
          "sequence": [
            {
              "if_true": {
                "biome_is": [
                  "victordepths:underworld_dust_bowl"
                ],
                "type": "minecraft:biome"
              },
              "then_run": {
                "result_state": {
                  "Name": "minecraft:gravel"
                },
                "type": "minecraft:block"
              },
              "type": "minecraft:condition"
            },
            {
              "result_state": {
                "Name": "minecraft:blackstone"
              },
              "type": "minecraft:block"
            }
          ],
          "type": "minecraft:sequence"
        },
        "type": "minecraft:condition"
      },
      {
        "if_true": {
          "offset": 0,
          "add_surface_depth": true,
          "secondary_depth_range": 0,
          "surface_type": "floor",
          "type": "minecraft:stone_depth"
        },
        "then_run": {
          "if_true": {
            "biome_is": [
              "victordepths:underworld_sculky_forest",
              "victordepths:underworld_sculky_open"
            ],
            "type": "minecraft:biome"
          },
          "then_run": {
            "result_state": {
              "Name": "minecraft:sculk_block"
            },
            "type": "minecraft:block"
          },
          "type": "minecraft:condition"
        },
        "type":"minecraft:condition"
      },
      {
        "if_true": {
          "offset": 0,
          "add_surface_depth": false,
          "secondary_depth_range": 0,
          "surface_type": "ceiling",
          "type": "minecraft:stone_depth"
        },
        "then_run": {
          "if_true": {
            "biome_is": [
              "victordepths:underworld_creeper_forest"
            ],
            "type": "minecraft:biome"
          },
          "then_run": {
            "result_state": {
              "Name": "minecraft:moss_block"
            },
            "type": "minecraft:block"
          },
          "type": "minecraft:condition"
        },
        "type": "minecraft:condition"
      }
    ],
    "type": "minecraft:sequence"
  },
  "sea_level": 30,
  "spawn_target": [
    {
      "continentalness": [
        -0.11,
        1.0
      ],
      "depth": 0.0,
      "erosion": [
        -1.0,
        1.0
      ],
      "humidity": [
        -1.0,
        1.0
      ],
      "offset": 0.0,
      "temperature": [
        -1.0,
        1.0
      ],
      "weirdness": [
        -1.0,
        -0.16
      ]
    },
    {
      "continentalness": [
        -0.11,
        1.0
      ],
      "depth": 0.0,
      "erosion": [
        -1.0,
        1.0
      ],
      "humidity": [
        -1.0,
        1.0
      ],
      "offset": 0.0,
      "temperature": [
        -1.0,
        1.0
      ],
      "weirdness": [
        0.16,
        1.0
      ]
    }
  ],
  "noise": {
    "terrain_shaper": {
      "offset": 0.0,
      "factor": 0.0,
      "jaggedness": 0.0
    },
    "size_horizontal": 1,
    "size_vertical": 2,
    "sampling": {
      "xz_scale": 1.0,
      "y_scale": 3.0,
      "xz_factor": 80.0,
      "y_factor": 60.0
    },
    "top_slide": {
      "target": 0.9375,
      "size": 3,
      "offset": 0
    },
    "bottom_slide": {
      "target": 2.5,
      "size": 4,
      "offset": -1
    },
    "min_y": 0,
    "height": 128
  },
  "noise_router": {
    "barrier": 0.0,
    "continents": 0.0,
    "depth": 0.0,
    "erosion": 0.0,
    "final_density": {
      "type": "minecraft:squeeze",
      "argument": {
        "type": "minecraft:mul",
        "argument1": 0.64,
        "argument2": {
          "type": "minecraft:interpolated",
          "argument": {
            "type": "minecraft:blend_density",
            "argument": {
              "type": "minecraft:add",
              "argument1": 2.5,
              "argument2": {
                "type": "minecraft:mul",
                "argument1": {
                  "type": "minecraft:y_clamped_gradient",
                  "from_value": 0.0,
                  "from_y": -8,
                  "to_value": 1.0,
                  "to_y": 24
                },
                "argument2": {
                  "type": "minecraft:add",
                  "argument1": -2.5,
                  "argument2": {
                    "type": "minecraft:add",
                    "argument1": 0.9375,
                    "argument2": {
                      "type": "minecraft:mul",
                      "argument1": {
                        "type": "minecraft:y_clamped_gradient",
                        "from_value": 1.0,
                        "from_y": 104,
                        "to_value": 0.0,
                        "to_y": 128
                      },
                      "argument2": {
                        "type": "minecraft:add",
                        "argument1": -0.9375,
                        "argument2": "minecraft:nether/base_3d_noise"
                      }
                    }
                  }
                }
              }
            }
          }
        }
      }
    },
    "fluid_level_floodedness": {
      "type": "minecraft:noise",
      "noise": "minecraft:aquifer_fluid_level_floodedness",
      "xz_scale": 1.0,
      "y_scale": 0.67
    },
    "fluid_level_spread": {
      "type": "minecraft:noise",
      "noise": "minecraft:aquifer_fluid_level_spread",
      "xz_scale": 1.0,
      "y_scale": 0.7142857142857143
    },
    "initial_density_without_jaggedness": {
      "type": "minecraft:add",
      "argument1": 0.1171875,
      "argument2": {
        "type": "minecraft:mul",
        "argument1": {
          "type": "minecraft:y_clamped_gradient",
          "from_value": 0.0,
          "from_y": -64,
          "to_value": 1.0,
          "to_y": -40
        },
        "argument2": {
          "type": "minecraft:add",
          "argument1": -0.1171875,
          "argument2": {
            "type": "minecraft:add",
            "argument1": -0.078125,
            "argument2": {
              "type": "minecraft:mul",
              "argument1": {
                "type": "minecraft:y_clamped_gradient",
                "from_value": 1.0,
                "from_y": 240,
                "to_value": 0.0,
                "to_y": 256
              },
              "argument2": {
                "type": "minecraft:add",
                "argument1": 0.078125,
                "argument2": {
                  "type": "minecraft:clamp",
                  "input": {
                    "type": "minecraft:add",
                    "argument1": -0.703125,
                    "argument2": {
                      "type": "minecraft:mul",
                      "argument1": 4.0,
                      "argument2": {
                        "type": "minecraft:quarter_negative",
                        "argument": {
                          "type": "minecraft:mul",
                          "argument1": "minecraft:overworld/depth",
                          "argument2": {
                            "type": "minecraft:cache_2d",
                            "argument": "minecraft:overworld/factor"
                          }
                        }
                      }
                    }
                  },
                  "max": 64.0,
                  "min": -64.0
                }
              }
            }
          }
        }
      }
    },
    "lava": {
      "type": "minecraft:noise",
      "noise": "minecraft:aquifer_lava",
      "xz_scale": 1.0,
      "y_scale": 1.0
    },
    "ridges": "minecraft:overworld/ridges",
    "temperature": {
      "type": "minecraft:shifted_noise",
      "noise": "minecraft:temperature",
      "shift_x": "minecraft:shift_x",
      "shift_y": 0.0,
      "shift_z": "minecraft:shift_z",
      "xz_scale": 0.25,
      "y_scale": 0.0
    },
    "vegetation": {
      "type": "minecraft:shifted_noise",
      "noise": "minecraft:vegetation",
      "shift_x": "minecraft:shift_x",
      "shift_y": 0.0,
      "shift_z": "minecraft:shift_z",
      "xz_scale": 0.25,
      "y_scale": 0.0
    },
    "vein_gap": {
      "type": "minecraft:noise",
      "noise": "minecraft:ore_gap",
      "xz_scale": 1.0,
      "y_scale": 1.0
    },
    "vein_ridged": {
      "type": "minecraft:add",
      "argument1": -0.07999999821186066,
      "argument2": {
        "type": "minecraft:max",
        "argument1": {
          "type": "minecraft:abs",
          "argument": {
            "type": "minecraft:interpolated",
            "argument": {
              "type": "minecraft:range_choice",
              "input": "minecraft:y",
              "max_exclusive": 51.0,
              "min_inclusive": -60.0,
              "when_in_range": {
                "type": "minecraft:noise",
                "noise": "minecraft:ore_vein_a",
                "xz_scale": 4.0,
                "y_scale": 4.0
              },
              "when_out_of_range": 0.0
            }
          }
        },
        "argument2": {
          "type": "minecraft:abs",
          "argument": {
            "type": "minecraft:interpolated",
            "argument": {
              "type": "minecraft:range_choice",
              "input": "minecraft:y",
              "max_exclusive": 51.0,
              "min_inclusive": -60.0,
              "when_in_range": {
                "type": "minecraft:noise",
                "noise": "minecraft:ore_vein_b",
                "xz_scale": 4.0,
                "y_scale": 4.0
              },
              "when_out_of_range": 0.0
            }
          }
        }
      }
    },
    "vein_toggle": {
      "type": "minecraft:interpolated",
      "argument": {
        "type": "minecraft:range_choice",
        "input": "minecraft:y",
        "max_exclusive": 51.0,
        "min_inclusive": -60.0,
        "when_in_range": {
          "type": "minecraft:noise",
          "noise": "minecraft:ore_veininess",
          "xz_scale": 1.5,
          "y_scale": 1.5
        },
        "when_out_of_range": 0.0
      }
    }
  },
  "default_block": {
    "Name": "minecraft:polished_blackstone_bricks"
  }
}