{
    "type": "chest",
    "pools": [
        {
            "rolls": 1,
            "entries": [
                {
                    "type": "item",
                    "weight": 1,
                    "name": "minecraft:potion",
                    "functions": [
                        {
                            "function": "set_count",
                            "count": {
                                "min": 1,
                                "max": 1,
                                "type": "minecraft:uniform"
                            }
                        },
                        {
                            "function": "set_nbt",
                            "tag": "{Potion:\"minecraft:water_breathing\"}"
                        }
                    ]
                },
                {
                    "type": "item",
                    "weight": 1,
                    "name": "minecraft:obsidian",
                    "functions": [
                        {
                            "function": "set_count",
                            "count": {
                                "min": 1,
                                "max": 5,
                                "type": "minecraft:uniform"
                            }
                        }
                    ]
                },
                {
                    "type": "item",
                    "weight": 1,
                    "name": "minecraft:flint",
                    "functions": [
                        {
                            "function": "set_count",
                            "count": {
                                "min": 1,
                                "max": 20,
                                "type": "minecraft:uniform"
                            }
                        }
                    ]
                },
                {
                    "type": "item",
                    "weight": 1,
                    "name": "minecraft:golden_carrot",
                    "functions": [
                        {
                            "function": "set_count",
                            "count": {
                                "min": 1,
                                "max": 16,
                                "type": "minecraft:uniform"
                            }
                        }
                    ]
                },
                {
                    "type": "item",
                    "weight": 1,
                    "name": "minecraft:snowball",
                    "functions": [
                        {
                            "function": "set_count",
                            "count": {
                                "min": 1,
                                "max": 16,
                                "type": "minecraft:uniform"
                            }
                        },
                        {
                            "function": "set_nbt",
                            "tag": "{nbt:\"melting_snowball\", Enchantments: [{}], display: {Name: '{\"text\":\"Melting Snowball\", \"italic\":\"false\"}'}}"
                        }
                    ]
                }
            ]
        },
        {
            "rolls": 1,
            "entries": [
                {
                    "conditions": [
                        {
                            "condition": "random_chance",
                            "chance": 0.05
                        }
                    ],
                    "type": "item",
                    "weight": 1,
                    "name": "minecraft:diamond_sword",
                    "functions": [
                        {
                            "function": "set_count",
                            "count": {
                                "min": 1,
                                "max": 1,
                                "type": "minecraft:uniform"
                            }
                        },
                        {
                            "function": "set_nbt",
                            "tag": "{Enchantments:[{id:\"minecraft:looting\", lvl:2}]}"
                        }
                    ]
                },
                {
                    "conditions": [
                        {
                            "condition": "random_chance",
                            "chance": 0.2
                        }
                    ],
                    "type": "item",
                    "weight": 1,
                    "name": "minecraft:diamond_helmet",
                    "functions": [
                        {
                            "function": "set_count",
                            "count": {
                                "min": 1,
                                "max": 1,
                                "type": "minecraft:uniform"
                            }
                        },
                        {
                            "function": "set_nbt",
                            "tag": "{Enchantments:[{id:\"minecraft:protection\", lvl:4}]}"
                        }
                    ]
                },
                {
                    "conditions": [
                        {
                            "condition": "random_chance",
                            "chance": 0.2
                        }
                    ],
                    "type": "item",
                    "weight": 1,
                    "name": "minecraft:diamond_chestplate",
                    "functions": [
                        {
                            "function": "set_count",
                            "count": {
                                "min": 1,
                                "max": 1,
                                "type": "minecraft:uniform"
                            }
                        },
                        {
                            "function": "set_nbt",
                            "tag": "{Enchantments:[{id:\"minecraft:protection\", lvl:4}]}"
                        }
                    ]
                },
                {
                    "conditions": [
                        {
                            "condition": "random_chance",
                            "chance": 0.2
                        }
                    ],
                    "type": "item",
                    "weight": 1,
                    "name": "minecraft:diamond_leggings",
                    "functions": [
                        {
                            "function": "set_count",
                            "count": {
                                "min": 1,
                                "max": 1,
                                "type": "minecraft:uniform"
                            }
                        },
                        {
                            "function": "set_nbt",
                            "tag": "{Enchantments:[{id:\"minecraft:protection\", lvl:4}]}"
                        }
                    ]
                },
                {
                    "conditions": [
                        {
                            "condition": "random_chance",
                            "chance": 0.15
                        }
                    ],
                    "type": "item",
                    "weight": 1,
                    "name": "minecraft:diamond_boots",
                    "functions": [
                        {
                            "function": "set_count",
                            "count": {
                                "min": 1,
                                "max": 1,
                                "type": "minecraft:uniform"
                            }
                        },
                        {
                            "function": "set_nbt",
                            "tag": "{Enchantments:[{id:\"minecraft:protection\", lvl:4}]}"
                        }
                    ]
                },
                {
                    "conditions": [
                        {
                            "condition": "random_chance",
                            "chance": 0.015
                        }
                    ],
                    "type": "item",
                    "weight": 1,
                    "name": "minecraft:enchanted_golden_apple",
                    "functions": [
                        {
                            "function": "set_count",
                            "count": {
                                "min": 1,
                                "max": 1,
                                "type": "minecraft:uniform"
                            }
                        }
                    ]
                }
            ]
        }
    ]
}