{
    "type": "chest",
    "pools": [
        {
            "rolls": 1,
            "entries": [
                {
                    "type": "item",
                    "weight": 1,
                    "name": "minecraft:iron_ingot",
                    "functions": [
                        {
                            "function": "set_count",
                            "count": {
                                "min": 1,
                                "max": 8,
                                "type": "minecraft:uniform"
                            }
                        }
                    ]
                }
            ]
        },
        {
            "rolls": 5,
            "entries": [
                {
                    "type": "item",
                    "weight": 1,
                    "name": "minecraft:experience_bottle",
                    "functions": [
                        {
                            "function": "set_count",
                            "count": {
                                "min": 1,
                                "max": 64,
                                "type": "minecraft:uniform"
                            }
                        }
                    ]
                },
                {
                    "type": "item",
                    "weight": 1,
                    "name": "minecraft:emerald_block",
                    "functions": []
                },
                {
                    "type": "item",
                    "weight": 1,
                    "name": "minecraft:ender_pearl",
                    "functions": []
                },
                {
                    "type": "item",
                    "weight": 1,
                    "name": "minecraft:chorus_plant",
                    "functions": []
                },
                {
                    "type": "item",
                    "weight": 1,
                    "name": "minecraft:totem_of_undying",
                    "functions": []
                },
                {
                    "type": "item",
                    "weight": 1,
                    "name": "minecraft:respawn_anchor",
                    "functions": []
                },
                {
                    "type": "item",
                    "weight": 1,
                    "name": "minecraft:blaze_powder",
                    "functions": [
                        {
                            "function": "set_count",
                            "count": {
                                "min": 1,
                                "max": 3,
                                "type": "minecraft:uniform"
                            }
                        }
                    ]
                },
                {
                    "type": "item",
                    "weight": 1,
                    "name": "minecraft:coal",
                    "functions": [
                        {
                            "function": "set_count",
                            "count": {
                                "min": 1,
                                "max": 64,
                                "type": "minecraft:uniform"
                            }
                        },
                        {
                            "function": "set_nbt",
                            "tag": "{nbt:\"soul_coal\", Enchantments: [{}], display: {Name: '{\"text\":\"Soul Coal\", \"italic\":\"false\"}'}}"
                        }
                    ]
                },
                {
                    "type": "item",
                    "weight": 1,
                    "name": "minecraft:end_stone",
                    "functions": []
                },
                {
                    "type": "item",
                    "weight": 1,
                    "name": "minecraft:skeleton_horse_spawn_egg",
                    "functions": [
                        {
                            "function": "set_nbt",
                            "tag": "{RepairCost: 0, display: {Name: '{\"text\":\"Loot Horse\"}'}}"
                        }
                    ]
                },
                {
                    "type": "item",
                    "weight": 1,
                    "name": "minecraft:obsidian",
                    "functions": []
                },
                {
                    "type": "item",
                    "weight": 1,
                    "name": "minecraft:crying_obsidian",
                    "functions": []
                },
                {
                    "type": "item",
                    "weight": 1,
                    "name": "minecraft:lodestone",
                    "functions": []
                },
                {
                    "type": "item",
                    "weight": 1,
                    "name": "minecraft:ochre_froglight",
                    "functions": []
                },
                {
                    "type": "item",
                    "weight": 1,
                    "name": "minecraft:weathered_copper",
                    "functions": []
                },
                {
                    "type": "item",
                    "weight": 1,
                    "name": "minecraft:sculk_shrieker",
                    "functions": []
                }
            ]
        }
    ]
}