{
    "name": "the_arena",
    "has_raids": false,
    "infiniburn": "#minecraft:infiniburn_overworld",
    "ambient_light": 0.2,
    "piglin_safe": true,
    "bed_works": false,
    "respawn_anchor_works": false,
    "ultrawarm": true,
    "natural": false,
    "shrunk": false,
    "has_skylight": false,
    "has_ceiling": true,
    "effects": "minecraft:the_nether",
    "logical_height": 128,
    "height": 128,
    "min_y": 0,
    "monster_spawn_block_light_limit": 15,
    "monster_spawn_light_level": 11,
    "coordinate_scale": 1
}