{
    "name": "the_victordepths",
    "has_raids": true,
    "logical_height": 256,
    "infiniburn": "#minecraft:infiniburn_overworld",
    "effects":"minecraft:the_end",
    "ambient_light": 0.1,
    "piglin_safe": true,
    "bed_works": false,
    "respawn_anchor_works": false,
    "ultrawarm": false,
    "natural": true,
    "shrunk": false,
    "has_skylight": true,
    "has_ceiling": false,
    "height": 384,
    "min_y": -64,
    "monster_spawn_block_light_limit": 0,
    "monster_spawn_light_level": 11,
    "coordinate_scale": 1
}