{
    "name": "the_outside",
    "has_raids": false,
    "logical_height": 128,
    "infiniburn": "#minecraft:infiniburn_overworld",
    "ambient_light": 1.0,
    "piglin_safe": false,
    "bed_works": false,
    "respawn_anchor_works": false,
    "ultrawarm": false,
    "natural": false,
    "shrunk": false,
    "has_skylight": false,
    "has_ceiling": false,
    "height": 128,
    "min_y": 0,
    "monster_spawn_block_light_limit": 15,
    "monster_spawn_light_level": 11,
    "coordinate_scale": 1
}