{
    "name": "the_uncharted",
    "has_raids": false,
    "logical_height": 128,
    "infiniburn": "#minecraft:infiniburn_overworld",
    "ambient_light": 0.1,
    "piglin_safe": false,
    "bed_works": true,
    "respawn_anchor_works": false,
    "ultrawarm": false,
    "natural": true,
    "shrunk": false,
    "has_skylight": true,
    "fixed_time": 18000,
    "has_ceiling": false,
    "effects": "minecraft:the_nether",
    "height": 128,
    "min_y": 0,
    "monster_spawn_block_light_limit": 0,
    "monster_spawn_light_level": {
        "type": "minecraft:uniform",
        "value": {
          "max_inclusive": 7,
          "min_inclusive": 0
        }
      },
    "coordinate_scale": 0.25
}